topics,fix
Speech and Audio Processing,Large Language Models and Natural Language Processing
Natural Language Processing and Conversational AI,Large Language Models and Natural Language Processing
Natural Language Processing and Text Mining,Large Language Models and Natural Language Processing
Large Language Models and Natural Language Processing,Large Language Models and Natural Language Processing
Computervision and Image Processing,Computer Vision and Image Processing
"AI in Healthcare, Biomedical Applications of AI",Healthcare and Biomedical Applications of AI
Machine Learning Algorithms         and Theoretical AI,Machine Learning Algorithms and Theoretical AI
"AI Ethics, Society and Policy","AI Ethics, Society, and Policy"
Natural Language Processing,Large Language Models and Natural Language Processing
Natural Language Processing and Computational Linguistics,Large Language Models and Natural Language Processing
"Artificial Intelligence in Education, Art, and Creative Industries","AI in Education, Art, and Creative Industries"
Natural Language Processing and Large Language Models,Large Language Models and Natural Language Processing
Natural Language Processing and Machine Translation,Large Language Models and Natural Language Processing
Natural Language Processing and Generation,Large Language Models and Natural Language Processing
Sustainability and Environmental Applications of AI,Sustainability and Environmental Applications of AI
Geospatial and Remote Sensing,Sustainability and Environmental Applications of AI
Natural Language Processing and Translation Models,Large Language Models and Natural Language Processing
Healthcare and Biomedical Applications of AI,Healthcare and Biomedical Applications of AI
"AI in Healthcare, Biomedical, Health Informatics",Healthcare and Biomedical Applications of AI
Emerging Technologies and Future Trends in AI,Emerging Technologies and Future Trends in AI
"AI in Education, Art, and Creative Industries","AI in Education, Art, and Creative Industries"
Natural Language Processing and Dialogue Systems,Large Language Models and Natural Language Processing
Natural Language Processing and Machine Learning Algorithms,Large Language Models and Natural Language Processing
Human-Computer Interaction and User Experience,Human-Computer Interaction and User Experience
AI in Industrial Automation and Manufacturing,AI for Industrial Automation and Manufacturing
AI for Industrial Automation and Manufacturing,AI for Industrial Automation and Manufacturing
Artificial Intelligence and Natural Language Processing,Large Language Models and Natural Language Processing
"Graphs, Autonomous Systems, and Control","Robotics, Autonomous Systems, and Control"
Data Science and Analytics,Data Science and Analytics
"Robotic, Autonomous Systems, and Control","Robotics, Autonomous Systems, and Control"
Audio and Speech Processing,Large Language Models and Natural Language Processing
AI for Social Sciences and Humanities,AI in Social Sciences and Humanities
"AI in Healthcare, Art, and Creative Industries","AI in Education, Art, and Creative Industries"
Cybersecurity and Information Security with AI,Cybersecurity and Information Security with AI
Graph Neural Networks and Temporal Models,Quantum Computing and AI
AI in Social Sciences and Humanities,AI in Social Sciences and Humanities
Computer Vision and Image Processing,Computer Vision and Image Processing
Algorithms and Theoretical AI,Machine Learning Algorithms and Theoretical AI
Machine Learning Algorithms and Theoretical AI,Machine Learning Algorithms and Theoretical AI
Language Models and Natural Language Processing,Large Language Models and Natural Language Processing
AI in Sustainability and Environmental Applications of AI,Sustainability and Environmental Applications of AI
Natural Language Processing and Understanding,Large Language Models and Natural Language Processing
Large Language Models and Natural Language...iciency,Large Language Models and Natural Language Processing
Quantum Computing and AI,Quantum Computing and AI
AI in Healthcare and Biomedical Applications,Healthcare and Biomedical Applications of AI
"AI Ethics, Society, a...Influence of Adversarial Attacks on Machine Learning Models in Healthcare",Emerging Technologies and Future Trends in AI
"AI Ethics, Society, and Policy","AI Ethics, Society, and Policy"
"Robotics, Autonomous Systems, and Control","Robotics, Autonomous Systems, and Control"
Software Engineering and Testing,Data Science and Analytics
AI in Healthcare and Biomedical Applications of AI,Healthcare and Biomedical Applications of AI
"Education, Art, and Creative Industries","AI in Education, Art, and Creative Industries"
Machine Learni...nce,Machine Learning Algorithms and Theoretical AI
Artificial Intelligence and Neuroscience,Healthcare and Biomedical Applications of AI
Bioinformatics and Computational Biology,Healthcare and Biomedical Applications of AI
"AI in Healthcare, Medicine, and Biotechnology",Healthcare and Biomedical Applications of AI
N/A,
"Artificial Intelligence and Robotics, Autonomous Systems, and Control","Robotics, Autonomous Systems, and Control"
AI in Health and Biomedical Applications,Healthcare and Biomedical Applications of AI
"Large Language Models a...tonomous Systems, and Control",Large Language Models and Natural Language Processing
